                  epoch,         train/box_loss,         train/cls_loss,         train/dfl_loss,   metrics/precision(B),      metrics/recall(B),       metrics/mAP50(B),    metrics/mAP50-95(B),           val/box_loss,           val/cls_loss,           val/dfl_loss,                 lr/pg0,                 lr/pg1,                 lr/pg2
                      1,                  1.554,                 4.9625,                 1.5736,                0.00044,                0.08333,                0.00738,                0.00436,                  1.364,                 5.0623,                 1.2745,              0.0001625,              0.0001625,              0.0001625
                      2,                 1.3727,                 3.8904,                 1.2606,                0.00217,                0.22619,                0.06528,                0.03434,                  1.259,                 4.6921,                 1.1727,             0.00027068,             0.00027068,             0.00027068
                      3,                 1.3729,                 3.1814,                 1.2933,                0.00299,                 0.4494,                0.09175,                0.04023,                 1.2044,                 4.4711,                 1.1778,             0.00030955,             0.00030955,             0.00030955
                      4,                 1.3576,                  2.866,                 1.3064,                0.00352,                0.44345,                0.12993,                0.05936,                 1.1228,                 4.4025,                 1.1687,             0.00027913,             0.00027913,             0.00027913
                      5,                 1.3409,                 2.7304,                 1.2775,                0.00455,                0.56845,                0.25482,                0.14394,                 1.1155,                 4.2077,                 1.1574,              0.0001794,              0.0001794,              0.0001794
